ID,Name,Gender,Preferred language,Majors,Level of ambition,Preferred meeting place,Personality type,Best friend,Preferred day
1,Jens Fisher,Male,Any,"('AI', 'NS')",Very low,In person,ESFP,Nicole Naumann,Monday
2,Eric Wannemaker,Male,Any,"('AI', 'NI')",Very high,In person,INTP,Markus Fenstermacher,Wednesday
3,Eric Faber,Male,German,"('CL', 'AI')",Low,Online,ISFJ,Michael Kohler,Friday
4,Maik Schröder,Male,Any,"('AI', 'CP')",Low,In person,ENFP,Franziska Kuefer,Monday
5,Mathias Friedman,Male,Any,"('CL', 'AI')",High,In person,ISTP,Markus Wulf,Wednesday
6,Andreas Eberhart,Male,Any,"('CL', 'CP')",Very high,In person,ISTP,Marco Frankfurter,Tuesday
7,Ralph Koertig,Male,Any,"('NI', 'CP')",High,In person,ESFJ,Sven Werner,Wednesday
8,Claudia Ziegler,Female,English,"('AI', 'CP')",Medium,In person,ENFJ,René Strauss,Wednesday
9,Laura Muller,Female,Any,"('AI', 'PHIL')",Very low,In person,ISTP,Johanna Bumgarner,Tuesday
10,Doreen Loewe,Female,German,"('CL', 'CP')",High,In person,ENFJ,Lisa Baader,Wednesday
11,Andreas Aachen,Male,Any,"('PHIL', 'AI')",Low,In person,ESFJ,Julia Winkel,Tuesday
12,Manuela Waechter,Female,Any,"('NI', 'CL')",Low,In person,INTP,Mario Schreiner,Friday
13,Martin Wannemaker,Male,Any,"('AI', 'CL')",Very high,In person,INTJ,Annett Theissen,Tuesday
14,Sabine Pfaff,Female,Any,"('NS', 'CP')",High,In person,INTP,Mathias Frueh,Wednesday
15,Tom Bauer,Male,Any,"('PHIL', 'CP')",Very high,In person,ISTP,Katharina Wirth,Wednesday
16,Tanja Neumann,Female,Any,"('CP', 'NS')",High,In person,ISFP,Heike Seiler,Thursday
17,Sara Fuchs,Female,Any,"('AI', 'PHIL')",Very high,In person,ENFJ,Diana Neumann,Monday
18,Christine Pfeffer,Female,Any,"('NI', 'CP')",Very high,In person,ISFJ,Kristian Richter,Wednesday
19,Daniela Eggers,Female,Any,"('NI', 'AI')",Very high,Online,ISFP,Dennis Peters,Thursday
20,Tanja Faerber,Female,Any,"('NS', 'CP')",Medium,In person,ESTP,Sebastian Braun,Friday
21,Tim Kastner,Male,German,"('NI', 'PHIL')",Medium,In person,ISTJ,Stefanie Hertzog,Friday
22,Antje Bauer,Female,Any,"('NS', 'PHIL')",Very low,In person,ESTP,Torsten Kuester,Wednesday
23,Tim Ebersbach,Male,Any,"('CP', 'CL')",Medium,In person,INFP,Kristian Saenger,Thursday
24,Claudia Abendroth,Female,Any,"('NI', 'CP')",Medium,In person,INTJ,Maria Friedman,Monday
25,Jürgen Loewe,Male,Any,"('CP', 'NS')",Very high,In person,ISTP,Phillipp Bayer,Friday
26,Marcel Waechter,Male,Any,"('NS', 'CL')",Low,In person,ISFP,Melanie Nagel,Wednesday
27,Tim Neudorf,Male,Any,"('CP', 'PHIL')",Low,Online,ISFJ,Sophie Drescher,Monday
28,Katharina Pfaff,Female,Any,"('NS', 'CL')",Medium,In person,ENTP,Dennis Cole,Tuesday
29,Paul Maier,Male,English,"('NI', 'PHIL')",Very high,In person,ENTP,Annett Drechsler,Monday
30,Kathrin Schmidt,Female,Any,"('PHIL', 'NI')",Very high,In person,ENFP,Stefanie Beckenbauer,Monday
31,Manuela Vogler,Female,Any,"('CP', 'NS')",Very low,Online,ESTJ,Jana Zimmer,Monday
32,Jessika Berg,Indeterminate,Any,"('NI', 'PHIL')",Low,In person,ESFP,Michelle Dietrich,Friday
33,Brigitte Eisenberg,Female,Any,"('CL', 'PHIL')",High,In person,ESFP,Marina Peters,Wednesday
34,Steffen Neudorf,Male,German,"('CL', 'AI')",Very high,In person,INTP,Wolfgang Mehler,Monday
35,Janina Bayer,Female,Any,"('CP', 'NS')",Very low,In person,ESFJ,Jessika Abend,Wednesday
36,Jonas Mahler,Male,German,"('AI', 'CL')",Medium,In person,INFP,Tom Bumgarner,Wednesday
37,Felix Eisenhauer,Male,Any,"('NI', 'NS')",High,In person,INFJ,Sarah Klein,Wednesday
38,Martin Möller,Male,Any,"('NI', 'NS')",High,In person,INFP,Sebastian Nussbaum,Tuesday
39,Steffen Furst,Male,Any,"('AI', 'NI')",High,In person,ESFJ,Johanna Pfaff,Monday
40,Dieter Gärtner,Male,English,"('PHIL', 'AI')",Low,In person,ESFJ,Johanna Eichel,Friday
41,Martina Vogt,Female,Any,"('AI', 'NI')",High,In person,ESTJ,Thomas Austerlitz,Monday
42,Johanna Vogt,Female,Any,"('NS', 'CL')",Very low,In person,ENFJ,Tim Hahn,Thursday
43,Dieter Bauer,Male,Any,"('PHIL', 'NI')",High,In person,INFP,Marina Freud,Tuesday
44,Susanne Gruenewald,Female,Any,"('PHIL', 'CL')",High,In person,INFP,Stephan Sanger,Thursday
45,Klaudia Schreiber,Female,Any,"('CL', 'PHIL')",Medium,In person,ISTP,Tom Bar,Friday
46,Dieter Durr,Male,English,"('PHIL', 'CL')",Very high,In person,ENTJ,Benjamin Ebersbacher,Monday
47,Mario Abt,Male,German,"('NS', 'NI')",High,Online,ENTJ,Simone Kuester,Friday
48,Thomas Oster,Male,Any,"('NI', 'NS')",High,In person,ENFP,Dirk Sommer,Tuesday
49,Lukas Beyer,Male,German,"('CP', 'AI')",Medium,In person,ISTP,Tom Vogler,Friday
50,Jonas Frey,Male,Any,"('AI', 'CP')",Very low,In person,INFP,Ulrich Barth,Tuesday
51,Sophie Ziegler,Female,Any,"('PHIL', 'NS')",Low,Online,INFJ,Juliane Müller,Wednesday
52,Katrin Wulf,Female,Any,"('AI', 'NS')",Very low,In person,ISTP,Christine Wirth,Tuesday
53,Benjamin Faerber,Female,Any,"('NI', 'CL')",Very low,In person,INTP,René Eisenhower,Thursday
54,Annett Schuster,Female,Any,"('CL', 'AI')",High,In person,ISFP,Nadine Friedman,Wednesday
55,David Ritter,Male,English,"('PHIL', 'CL')",Low,In person,ISFP,Patrick Lehrer,Tuesday
56,Nicole Kappel,Female,German,"('CL', 'AI')",High,In person,ESTJ,Sabine Gruenewald,Wednesday
57,Johanna Hartmann,Female,Any,"('NS', 'CP')",Very low,Online,ESTP,Sebastian Scholz,Thursday
58,Thorsten Reiniger,Male,Any,"('NI', 'CL')",Medium,In person,ENTP,Maximilian Oster,Thursday
59,Phillipp Adler,Male,English,"('NI', 'PHIL')",Medium,In person,ENTP,Annett Aachen,Thursday
60,Philipp Pfeifer,Male,Any,"('NI', 'AI')",Very low,In person,INFP,Uta Fruehauf,Friday
61,Erik Eisenberg,Male,Any,"('NS', 'CL')",Low,In person,ISFP,Jessika Propst,Wednesday
62,Lucas Wulf,Male,Any,"('PHIL', 'NI')",Very high,In person,ESFP,Mike Biermann,Thursday
63,Andrea Wolf,Female,English,"('AI', 'CL')",Medium,Online,ISFP,Karolin Grunewald,Thursday
64,Jörg Frueh,Male,German,"('NS', 'PHIL')",High,In person,ESTP,Stefan Reinhard,Thursday
65,Monika Schneider,Female,Any,"('AI', 'CL')",Low,In person,ESTJ,Jana Weisz,Thursday
66,Kristian Kuefer,Male,Any,"('NS', 'NI')",Very low,In person,ESTP,Eric Amsel,Wednesday
67,Christian Schultheiss,Male,Any,"('NI', 'CP')",Medium,In person,ISFJ,Max Diederich,Thursday
68,Marina Goldschmidt,Female,Any,"('NI', 'NS')",Very high,In person,ISFP,Kerstin Wulf,Thursday
69,Susanne Kaestner,Female,Any,"('AI', 'NS')",Low,In person,ESFJ,Frank Theiss,Friday
70,Kathrin Mauer,Indeterminate,Any,"('NS', 'CL')",High,In person,ISTP,Ines Baer,Monday
71,Janina Nacht,Female,English,"('PHIL', 'CL')",High,In person,ENTP,Felix Schuhmacher,Thursday
72,Simone Schreiner,Female,Any,"('CP', 'AI')",Very high,In person,ISFP,Michael Faerber,Friday
73,Leah Meister,Female,Any,"('NS', 'PHIL')",Low,In person,ENFP,Bernd Abendroth,Monday
74,Paul Unger,Male,German,"('NS', 'PHIL')",Very low,In person,ISTP,Marco Bohm,Wednesday
75,Sophie Schuster,Female,Any,"('PHIL', 'CL')",Very high,In person,ENTP,Julia Kuester,Monday
76,Sebastian Wulf,Male,Any,"('AI', 'CL')",Low,In person,INFJ,Monika Oster,Tuesday
77,Kristin Feierabend,Female,Any,"('AI', 'CP')",Very high,In person,INFP,Leah Fischer,Thursday
78,Monika Kirsch,Female,Any,"('NS', 'AI')",High,In person,INTP,Lisa Gerste,Wednesday
79,Kristian Moench,Male,Any,"('PHIL', 'NS')",High,In person,ISFP,Michael Theissen,Wednesday
80,Andreas Kuhn,Male,Any,"('CL', 'NI')",Medium,Online,ESTJ,Benjamin Trommler,Thursday
81,Christin Neumann,Female,Any,"('NS', 'NI')",Low,In person,ENFP,Kevin Probst,Monday
82,Jonas Dresdner,Male,German,"('NI', 'CL')",High,In person,ISTP,Jan Himmel,Friday
83,Philipp Fisher,Male,Any,"('CP', 'PHIL')",Medium,In person,ESTJ,Sven Adler,Wednesday
84,Dennis Schweitzer,Male,Any,"('CL', 'PHIL')",Low,Online,ENTP,Stephan Holzman,Wednesday
85,Ute Schroder,Female,Any,"('AI', 'PHIL')",High,Online,ISTP,Anke Eiffel,Friday
86,Paul Schwab,Male,Any,"('NI', 'PHIL')",Medium,In person,ISTP,Simone Eberhardt,Monday
87,Sabine Reinhardt,Female,Any,"('CL', 'NI')",High,Online,INFJ,Benjamin Schmitz,Friday
88,Marko Hartmann,Male,Any,"('CL', 'CP')",High,In person,INTP,Ralph Nacht,Friday
89,Tim Schweizer,Male,English,"('AI', 'CL')",High,In person,ISTJ,Simone Gottlieb,Wednesday
90,Katrin Amsel,Female,English,"('NI', 'AI')",Low,In person,ESFJ,Sophia Strauss,Thursday
91,Diana Holzman,Female,Any,"('PHIL', 'NI')",Very high,In person,ESFJ,Monika Koenig,Monday
92,Markus Eisenhauer,Male,Any,"('NI', 'PHIL')",Low,Online,ESFP,Bernd Eggers,Tuesday
93,Jessika Glockner,Female,Any,"('PHIL', 'CP')",Medium,In person,ESFP,Dirk Nussbaum,Tuesday
94,Jan Kaestner,Male,Any,"('NS', 'NI')",Very low,Online,ENFJ,Stefan Gruenewald,Wednesday
95,Mario Duerr,Male,Any,"('CP', 'CL')",Low,In person,ESFP,Martina Beckenbauer,Wednesday
96,Susanne Junker,Female,Any,"('PHIL', 'AI')",Very low,In person,ENFP,Robert Meister,Wednesday
97,Daniel Strauss,Male,Any,"('CP', 'CL')",Very low,Online,INTP,Ursula Klug,Friday
98,Katrin Trommler,Female,Any,"('PHIL', 'CP')",Very high,In person,ESFP,Tobias Klug,Friday
99,Antje Feierabend,Female,Any,"('AI', 'CP')",Very low,In person,ENFJ,Stefanie Schulze,Tuesday
100,Leon Schaefer,Male,Any,"('NI', 'CP')",Very low,Online,INTP,Jana Winkel,Tuesday
101,Uta Ackerman,Female,German,"('CL', 'NI')",Low,Online,INTJ,Alexander Wirtz,Monday
102,Marco Lang,Male,Any,"('NS', 'PHIL')",Medium,Online,ESFP,Kerstin Schneider,Thursday
103,Ulrike Rothschild,Female,Any,"('CL', 'NS')",High,In person,ISFJ,Uwe Drechsler,Friday
104,Maik Sankt,Male,Any,"('PHIL', 'NS')",Medium,In person,ESTJ,Lukas Foerster,Monday
105,Max Wulf,Male,Any,"('CL', 'NI')",Medium,In person,ESTJ,Dirk Zweig,Thursday
106,Tom Beyer,Male,Any,"('NS', 'CP')",Medium,In person,ENFJ,Daniela Gottschalk,Friday
107,Ralph Schmid,Indeterminate,Any,"('NI', 'CP')",High,In person,INFP,Janina Theissen,Friday
108,Simone Reinhard,Female,German,"('CL', 'AI')",Very low,Online,ISTJ,Markus Saenger,Wednesday
109,Ute Kortig,Female,German,"('PHIL', 'AI')",Medium,In person,INFJ,Patrick Nussbaum,Thursday
110,Stefan Schaefer,Male,Any,"('CL', 'AI')",Medium,In person,ESFP,Kathrin Fenstermacher,Wednesday
111,Lukas Mueller,Male,Any,"('AI', 'NI')",Low,In person,INTP,Angelika Hahn,Monday
112,Katharina Osterhagen,Female,German,"('CP', 'NS')",High,In person,ENTJ,Tom Kappel,Wednesday
113,Ulrich Eiffel,Male,Any,"('AI', 'CL')",Medium,In person,ENFP,Angelika Schmitt,Monday
114,Andrea Wurfel,Female,Any,"('CL', 'PHIL')",High,In person,INFP,Stefan Pabst,Tuesday
115,Stefanie Schwab,Female,Any,"('NS', 'CP')",Very high,In person,ENFJ,Thorsten Winkel,Friday
116,Marco Hoover,Male,German,"('NS', 'AI')",Medium,In person,ISTJ,Angelika Jung,Wednesday
117,Jana Pfeifer,Female,Any,"('CP', 'CL')",Very high,In person,ESTP,Michelle Konig,Tuesday
118,Martina Hirsch,Female,English,"('NI', 'CP')",Low,In person,ESTP,Heike Schwartz,Friday
119,Sarah Zimmerman,Female,English,"('PHIL', 'AI')",High,In person,ESTJ,Ulrich Müller,Monday
120,Leon Schroder,Male,Any,"('NS', 'AI')",Medium,In person,ISFJ,Wolfgang Baumgartner,Tuesday
121,Florian Lehmann,Male,Any,"('NS', 'AI')",Low,In person,ISFP,Lisa Schulze,Tuesday
122,Sarah Winkel,Female,German,"('NI', 'PHIL')",High,In person,ESTP,Marko Maur,Tuesday
123,Mathias Bumgarner,Male,Any,"('NI', 'PHIL')",Low,In person,ESTP,Lisa Maur,Wednesday
124,Tim Amsel,Male,Any,"('NI', 'CP')",Low,Online,INFJ,Erik Traugott,Friday
125,Gabriele Freitag,Female,Any,"('PHIL', 'CP')",Low,In person,ENTJ,Sven Kuhn,Thursday
126,Sabrina Kaestner,Indeterminate,Any,"('CP', 'NI')",High,In person,ESFP,Robert Abend,Tuesday
127,Susanne Beckenbauer,Female,Any,"('CL', 'AI')",Very low,In person,ESFJ,Steffen Fuchs,Wednesday
128,Lukas Abendroth,Male,Any,"('AI', 'CP')",Very low,In person,ISTJ,Jonas Werfel,Friday
129,Christin Eichel,Female,Any,"('CP', 'NS')",High,In person,INFP,Tim Strauss,Tuesday
130,Yvonne Wannemaker,Female,Any,"('PHIL', 'CL')",Very high,Online,INFP,Sabrina Freud,Tuesday
131,Sophia Pfeifer,Female,Any,"('CP', 'PHIL')",High,In person,INTP,Juliane Weiss,Wednesday
132,Dennis Austerlitz,Male,German,"('AI', 'CP')",Medium,Online,ENFJ,Kristian Aachen,Friday
133,Petra Blau,Female,Any,"('NS', 'AI')",Very high,Online,ISFJ,Jürgen Schultz,Tuesday
134,Marcel Muench,Indeterminate,English,"('NS', 'PHIL')",Medium,In person,ESFJ,Tom Schweitzer,Thursday
135,Thomas Eichel,Male,Any,"('NS', 'CL')",High,In person,ESFP,René Kuhn,Tuesday
136,Tanja Weissmuller,Indeterminate,Any,"('AI', 'NS')",Very high,In person,ISTJ,Sabrina Lange,Friday
137,Manuela Baer,Female,Any,"('CP', 'AI')",Medium,Online,ESFP,Sabrina Fink,Tuesday
138,Kristin Weiß,Female,Any,"('PHIL', 'CL')",Medium,In person,INTP,Ulrich Pfeffer,Friday
139,Uta Lemann,Female,Any,"('CP', 'AI')",Low,In person,INTJ,Markus Kalb,Thursday
140,Stefanie Farber,Female,Any,"('CL', 'PHIL')",Low,Online,INFJ,Tim Kuhn,Thursday
141,Lucas Schweizer,Male,Any,"('CP', 'NI')",Very high,Online,INTP,Wolfgang Pabst,Wednesday
142,Andrea Kuester,Female,English,"('NI', 'CP')",High,Online,ENFJ,Kathrin Schwab,Thursday
143,Peter Holzman,Indeterminate,Any,"('NS', 'NI')",Very high,In person,INFP,Leon Hoffmann,Tuesday
144,Lisa Lange,Female,Any,"('NI', 'CL')",Very high,In person,INFJ,Antje Dresner,Friday
145,Jonas Herrmann,Male,Any,"('NS', 'NI')",Low,Online,ESFJ,Sophia Weisz,Thursday
146,Kathrin Lehrer,Female,German,"('PHIL', 'NI')",Low,Online,ISTP,Eric Fleischer,Tuesday
147,Angelika Neustadt,Female,Any,"('CP', 'NI')",High,In person,INFP,Jonas Frei,Monday
148,Kevin Neustadt,Male,German,"('PHIL', 'CP')",Low,In person,ISTP,Robert Bumgarner,Monday
149,Michael Schulze,Male,Any,"('NS', 'PHIL')",High,In person,ESFP,Mathias Gerste,Thursday
150,Angelika Berg,Female,Any,"('PHIL', 'CP')",High,Online,ENFP,Frank Freud,Monday
151,Swen Fried,Indeterminate,Any,"('PHIL', 'CP')",High,In person,ENFJ,Christin Maier,Monday
152,Sophia Kuhn,Female,Any,"('CL', 'PHIL')",Low,Online,INFJ,Karin Baum,Tuesday
153,Bernd Baier,Male,Any,"('PHIL', 'AI')",Very high,In person,ESTJ,Sophie Scholz,Friday
154,Leon Gottschalk,Male,Any,"('NS', 'CP')",Medium,In person,ESTJ,Uwe Schultz,Friday
155,Jörg Schuster,Male,Any,"('NI', 'AI')",Medium,Online,INFP,Lucas Ackermann,Thursday
156,Julia Wexler,Female,Any,"('CL', 'NS')",Very low,In person,ESFJ,Mathias Schmitz,Monday
157,Dennis Vogler,Male,Any,"('CP', 'CL')",Very low,In person,INFJ,Lukas Fenstermacher,Tuesday
158,Monika Durr,Female,Any,"('CP', 'PHIL')",Low,Online,ESTJ,Maximilian Nagel,Wednesday
159,Sven Ritter,Male,Any,"('NS', 'CL')",Very high,Online,ESTP,Jan Fenstermacher,Friday
160,Florian Achen,Male,Any,"('PHIL', 'AI')",Very high,In person,ESTP,Bernd Grunwald,Thursday
161,Lena Wirth,Female,Any,"('PHIL', 'NS')",Very high,In person,ESTP,Eric Kohl,Tuesday
162,Benjamin Meister,Male,Any,"('CL', 'AI')",Very high,In person,ISTP,Klaus Diederich,Thursday
163,Mario Bosch,Male,Any,"('NI', 'PHIL')",Medium,In person,ISFP,Anna Austerlitz,Wednesday
164,Niklas Ziegler,Male,Any,"('PHIL', 'AI')",Very high,In person,ISFP,Patrick Jung,Monday
165,Manuela Bachmeier,Female,Any,"('CL', 'PHIL')",Medium,In person,ENTJ,Claudia Baum,Wednesday
166,Mandy Schiffer,Female,English,"('PHIL', 'NI')",Very low,In person,ISFP,Markus Kortig,Tuesday
167,Vanessa Lehrer,Indeterminate,English,"('NI', 'AI')",High,In person,INTP,Sabine Herman,Wednesday
168,Marko Freud,Male,Any,"('CP', 'NS')",Very low,Online,ESFJ,Melanie Hirsch,Thursday
169,Petra Amsel,Female,Any,"('NI', 'PHIL')",Very low,Online,ESFJ,Sabrina Bach,Tuesday
170,Sandra Hueber,Female,Any,"('NS', 'CL')",Medium,In person,INTJ,Uta Muench,Friday
171,Ines Papst,Female,Any,"('PHIL', 'NS')",Very high,In person,INTJ,Anne Moench,Friday
172,Johanna Junker,Female,English,"('PHIL', 'CL')",High,In person,INTP,Maximilian Aachen,Monday
173,Ursula Hirsch,Female,Any,"('NS', 'CP')",Medium,In person,INTP,Ursula Hofmann,Friday
174,Peter Bauer,Male,Any,"('CP', 'NS')",Very low,In person,ENTP,Jessica Becker,Monday
175,Johanna Friedmann,Female,German,"('NS', 'CL')",Very low,In person,INTP,Philipp Mauer,Thursday
176,Klaus Fiedler,Male,Any,"('AI', 'CP')",Very high,Online,ENTJ,Maria Zweig,Monday
177,Anne Kohl,Female,Any,"('NI', 'PHIL')",Low,In person,ENFP,Ralf Glockner,Tuesday
178,Dieter Dresner,Male,Any,"('NI', 'CP')",Low,In person,ISFJ,Sara Schwarz,Monday
179,Kerstin Maurer,Female,Any,"('CP', 'AI')",Medium,In person,INFP,Dennis Baecker,Thursday
180,Brigitte Lange,Indeterminate,Any,"('NS', 'CL')",Low,Online,ESTP,Stephan Abt,Thursday
181,Simone Boehm,Female,Any,"('CP', 'CL')",Very low,In person,INTJ,Maximilian Gärtner,Monday
182,Dieter Meier,Male,Any,"('CP', 'NS')",High,In person,ENTP,Leon Decker,Friday
183,Markus Eggers,Male,Any,"('AI', 'PHIL')",Low,In person,ISTJ,Klaudia Beyer,Monday
184,Daniel Abendroth,Male,Any,"('AI', 'NI')",Very low,Online,ESFP,Andrea Schultz,Tuesday
185,Franziska Schiffer,Female,Any,"('PHIL', 'NS')",High,In person,ISFJ,Anja Winkel,Tuesday
186,Leon Bürger,Male,Any,"('AI', 'NI')",Very low,In person,ISFJ,Laura Herman,Wednesday
187,Anja Konig,Female,English,"('CP', 'AI')",Medium,In person,ENTP,Jörg Koehler,Monday
188,Johanna Saenger,Female,Any,"('AI', 'NS')",Very low,In person,ENTP,Kevin Wolf,Friday
189,Jana Bosch,Female,Any,"('AI', 'NS')",High,Online,ESFP,Anna Koertig,Wednesday
190,Janina Urner,Female,Any,"('NI', 'PHIL')",Very high,In person,ESFP,Angelika Jager,Wednesday
191,Jennifer Seiler,Female,Any,"('PHIL', 'NI')",High,In person,ESTJ,Sophie Müller,Friday
192,Stefanie Abend,Female,Any,"('PHIL', 'NS')",High,In person,ENFP,Tanja Dresdner,Friday
193,Thorsten Baier,Male,Any,"('PHIL', 'CP')",Very high,In person,ISTJ,Kristin Frey,Monday
194,Peter Baumgartner,Male,Any,"('CL', 'CP')",High,In person,ESFJ,Anne Eichel,Wednesday
195,Kerstin Jung,Female,German,"('NI', 'AI')",High,In person,ISFP,Daniel Grunwald,Thursday
196,Klaus Grunewald,Male,Any,"('CL', 'NS')",Very low,In person,ENTJ,Ute Herzog,Thursday
197,Karin Ziegler,Female,Any,"('CL', 'NS')",Very high,In person,ESFP,Maik Kortig,Tuesday
198,Christian Hoffmann,Male,English,"('CL', 'CP')",Low,In person,ENTJ,Martin Bosch,Tuesday
199,Mike Jung,Male,Any,"('CL', 'NS')",High,In person,INTJ,Doreen Himmel,Tuesday
200,Sebastian Friedman,Indeterminate,Any,"('NI', 'CP')",Very low,In person,ESFP,Christin Frueh,Tuesday
201,Michael Kastner,Male,Any,"('AI', 'PHIL')",Very high,Online,INTJ,Torsten Herman,Monday
202,Tim Dresner,Male,Any,"('PHIL', 'AI')",Very high,In person,ISTJ,Sandra Baumgartner,Thursday
203,Annett Frankfurter,Female,Any,"('CP', 'NS')",Low,In person,ESTP,Angelika Fischer,Wednesday
204,Tim Reinhard,Male,German,"('AI', 'CL')",Low,In person,ESTJ,Kristin Brauer,Wednesday
205,Tanja Traugott,Female,Any,"('CP', 'NS')",Medium,In person,ESFJ,Christin Bohm,Thursday
206,Ursula Bumgarner,Female,Any,"('CP', 'NI')",Very high,In person,ESTJ,Manuela Neudorf,Thursday
207,Jürgen Koertig,Male,Any,"('NI', 'CP')",High,In person,ESFJ,Gabriele Braun,Tuesday
208,Florian Papst,Male,Any,"('AI', 'PHIL')",Medium,In person,INFP,Marko Kalb,Thursday
209,Wolfgang Reiniger,Male,Any,"('NI', 'CL')",Very high,In person,ENFJ,Christian Wechsler,Thursday
210,Kathrin Hahn,Female,English,"('CL', 'PHIL')",Medium,In person,ESFJ,Mario Decker,Tuesday
211,Ralf Brauer,Male,Any,"('CP', 'AI')",Very high,Online,ISFP,Petra Schwab,Friday
212,Phillipp Neustadt,Male,Any,"('NI', 'PHIL')",Low,Online,INTP,Melanie Glockner,Wednesday
213,Sara Rothschild,Female,Any,"('CP', 'CL')",High,In person,ISTJ,Kathrin Schaefer,Thursday
214,Marina Schroeder,Female,Any,"('CP', 'NI')",Very low,In person,ISTP,Mike Hartmann,Monday
215,Anke Vogt,Female,Any,"('PHIL', 'AI')",High,In person,ESTJ,Karin Amsel,Tuesday
216,Steffen Friedmann,Male,Any,"('PHIL', 'CL')",Low,Online,INFJ,Stefanie Aachen,Friday
217,Jennifer König,Female,English,"('NS', 'PHIL')",Low,In person,ENFJ,Laura Winkel,Wednesday
218,Martina Vogel,Female,Any,"('NS', 'NI')",Medium,In person,ISTP,Dieter Kastner,Thursday
219,Sophia Kaestner,Female,Any,"('PHIL', 'NS')",High,In person,ESTP,Gabriele Herz,Wednesday
220,Stefanie Schmid,Female,Any,"('CL', 'NI')",Low,In person,ESFP,Dirk Schreiber,Friday
221,Manuela Keller,Female,Any,"('NS', 'CP')",High,In person,ENFP,Nicole Grunwald,Wednesday
222,Monika Biermann,Female,Any,"('CP', 'AI')",Very high,In person,INFP,Benjamin Fassbinder,Wednesday
223,Johanna Schreiber,Female,Any,"('CL', 'NI')",Low,In person,INTP,Mathias Klug,Wednesday
224,Tom Reinhardt,Male,Any,"('CP', 'NI')",Medium,In person,INFP,Manuela Pabst,Wednesday
225,Jessica Baumgartner,Female,Any,"('CP', 'PHIL')",Very low,In person,ENTP,Ulrike Lehmann,Friday
226,Sabrina Gerber,Female,Any,"('CP', 'NS')",Medium,Online,ISFJ,Klaudia Weissmuller,Friday
227,Ines Herman,Female,Any,"('CP', 'NI')",Medium,In person,ISFJ,Mathias Beyer,Monday
228,Dominik Hoch,Male,Any,"('NI', 'CL')",Very high,In person,ISFP,Thomas Pfaff,Thursday
229,Sophia Baier,Female,English,"('NI', 'AI')",Very low,In person,ISTP,Anja Neustadt,Monday
230,Marko Kuefer,Male,Any,"('AI', 'CL')",Medium,Online,ESTP,Steffen Schwab,Wednesday
231,Lucas Kortig,Male,Any,"('CL', 'AI')",Very high,In person,ISFJ,Frank Schroder,Monday
232,Frank Naumann,Male,Any,"('NI', 'PHIL')",Very high,In person,ISFJ,Claudia Klein,Friday
233,Paul Schwarz,Male,Any,"('CL', 'NI')",Medium,In person,ESTJ,Ines Ebersbacher,Friday
234,Ursula Koertig,Female,Any,"('CP', 'AI')",Low,In person,ESTP,Anja Papst,Monday
235,Tim Achen,Indeterminate,Any,"('NS', 'CL')",Very high,In person,ISTJ,Marina Freytag,Friday
236,Marco Faerber,Male,German,"('AI', 'CL')",Very high,Online,INFP,Leon Saenger,Thursday
237,Maria Pfaff,Female,Any,"('CP', 'CL')",Very low,Online,ISTJ,Felix Nadel,Tuesday
238,Sophia Bohm,Female,German,"('NS', 'CP')",High,In person,ESTJ,Claudia Reiniger,Thursday
239,Jessika Burger,Female,Any,"('NI', 'AI')",Medium,In person,ENFJ,Sabine Müller,Thursday
240,Erik Bieber,Male,German,"('AI', 'CP')",High,Online,ENFP,Monika Schuhmacher,Friday
241,Antje Finkel,Female,Any,"('CP', 'AI')",Medium,In person,ENTJ,Christina Ebersbach,Tuesday
242,Sabine Faber,Female,Any,"('AI', 'CL')",Very low,In person,INFJ,Kristian Keller,Monday
243,Jürgen Schaefer,Male,Any,"('NI', 'NS')",Low,Online,ISTP,Dominik Wexler,Wednesday
244,Sarah Faber,Female,Any,"('NS', 'CL')",Very high,In person,ENTJ,Brigitte Mueller,Monday
245,Mike Wannemaker,Male,Any,"('CP', 'NI')",Very high,Online,ESTJ,Jan Gersten,Friday
246,Marco Dreher,Male,Any,"('NS', 'AI')",Low,In person,ESFJ,Lucas Kaestner,Friday
247,Julia Zimmerman,Female,Any,"('NS', 'CL')",Very low,In person,ENTP,Andreas Rothschild,Thursday
248,Jürgen Eberhart,Male,Any,"('CP', 'PHIL')",Medium,In person,INTJ,Jörg Fisher,Monday
249,Leon Kaufmann,Indeterminate,Any,"('AI', 'CL')",Low,Online,INFP,Thomas Koch,Friday
250,Tanja Brauer,Female,Any,"('AI', 'CP')",Medium,In person,ESTJ,Michael Bieber,Tuesday
251,Bernd Abendroth,Male,Any,"('CP', 'NS')",Very high,Online,ENFP,Leah Meister,Wednesday
252,Lisa Baader,Female,Any,"('CP', 'CL')",Low,In person,ENTJ,Doreen Loewe,Thursday
253,Torsten Herman,Male,Any,"('AI', 'CP')",Very high,In person,ESFJ,Michael Kastner,Tuesday
254,Anke Eiffel,Female,Any,"('AI', 'CP')",Low,In person,ESTP,Ute Schroder,Thursday
255,Phillipp Bayer,Male,Any,"('NI', 'CP')",Very high,In person,ENFP,Jürgen Loewe,Wednesday
256,Max Diederich,Male,Any,"('CP', 'PHIL')",Very low,Online,ISTJ,Christian Schultheiss,Friday
257,Stefan Gruenewald,Male,Any,"('CL', 'PHIL')",Medium,In person,INFP,Jan Kaestner,Tuesday
258,Johanna Eichel,Female,German,"('NI', 'PHIL')",Very high,In person,ENFP,Dieter Gärtner,Tuesday
259,Kevin Wolf,Male,Any,"('NS', 'PHIL')",Low,Online,ESFJ,Johanna Saenger,Wednesday
260,Klaudia Beyer,Female,Any,"('CP', 'CL')",Very high,Online,ISFP,Markus Eggers,Monday
261,Leon Decker,Male,Any,"('NI', 'CL')",Medium,In person,ISFJ,Dieter Meier,Thursday
262,Bernd Grunwald,Male,Any,"('AI', 'CL')",Very high,In person,ENFP,Florian Achen,Monday
263,Erik Traugott,Male,Any,"('NS', 'PHIL')",Medium,In person,ESTP,Tim Amsel,Tuesday
264,Doreen Himmel,Female,Any,"('CL', 'PHIL')",Very low,In person,ENTJ,Mike Jung,Monday
265,Angelika Fischer,Female,German,"('NI', 'CP')",High,Online,INTJ,Annett Frankfurter,Friday
266,Juliane Müller,Female,German,"('PHIL', 'CP')",Medium,In person,INTP,Sophie Ziegler,Friday
267,Kathrin Schaefer,Female,Any,"('CL', 'AI')",Medium,In person,ESTP,Sara Rothschild,Friday
268,Ines Baer,Female,Any,"('NS', 'CL')",Very high,In person,ENTP,Kathrin Mauer,Friday
269,Lucas Kaestner,Male,English,"('CP', 'PHIL')",Medium,In person,ESFP,Marco Dreher,Wednesday
270,Tanja Dresdner,Female,Any,"('PHIL', 'AI')",Very high,In person,ISTP,Stefanie Abend,Tuesday
271,Tim Hahn,Male,English,"('CL', 'PHIL')",High,In person,ENTP,Johanna Vogt,Thursday
272,Kathrin Schwab,Female,Any,"('NS', 'NI')",Medium,In person,ESTP,Andrea Kuester,Thursday
273,Angelika Hahn,Female,Any,"('CP', 'NI')",Low,In person,ENTJ,Lukas Mueller,Wednesday
274,René Eisenhower,Male,Any,"('NI', 'NS')",High,In person,ENFJ,Benjamin Faerber,Tuesday
275,Leah Fischer,Female,Any,"('AI', 'NI')",High,In person,ISTJ,Kristin Feierabend,Thursday
276,Markus Saenger,Male,Any,"('NS', 'CP')",Very low,In person,INFP,Simone Reinhard,Tuesday
277,Monika Schuhmacher,Female,English,"('PHIL', 'NS')",Low,In person,ISFJ,Erik Bieber,Thursday
278,Simone Kuester,Female,Any,"('NS', 'CL')",Medium,In person,ISTP,Mario Abt,Monday
279,Christin Frueh,Female,Any,"('AI', 'NS')",Very low,In person,ESFP,Sebastian Friedman,Thursday
280,Christina Ebersbach,Female,English,"('CP', 'NS')",Low,Online,ISTP,Antje Finkel,Tuesday
281,Eric Fleischer,Male,Any,"('NI', 'AI')",Medium,In person,ENTP,Kathrin Lehrer,Friday
282,Thomas Pfaff,Male,English,"('NI', 'CL')",High,In person,ENTJ,Dominik Hoch,Friday
283,Annett Aachen,Female,Any,"('CP', 'NI')",Medium,In person,ESFJ,Phillipp Adler,Thursday
284,Marko Kalb,Male,German,"('AI', 'NS')",Low,In person,INTP,Florian Papst,Thursday
285,Mathias Gerste,Male,Any,"('CP', 'NS')",Very low,In person,ISTP,Michael Schulze,Wednesday
286,Jana Winkel,Female,Any,"('NI', 'CL')",Low,In person,ISFP,Leon Schaefer,Wednesday
287,Angelika Schmitt,Female,Any,"('CP', 'NS')",Very low,Online,ESFP,Ulrich Eiffel,Wednesday
288,Franziska Kuefer,Female,German,"('CP', 'NS')",Low,In person,ISFP,Maik Schröder,Wednesday
289,Patrick Nussbaum,Male,Any,"('NI', 'NS')",Very low,Online,ENTJ,Ute Kortig,Friday
290,Sarah Klein,Female,Any,"('CL', 'CP')",Very low,In person,ESTP,Felix Eisenhauer,Friday
291,Sabrina Bach,Female,Any,"('CL', 'PHIL')",Medium,In person,ISTP,Petra Amsel,Friday
292,Tom Bumgarner,Male,Any,"('NS', 'NI')",Very high,In person,ISFP,Jonas Mahler,Friday
293,Manuela Pabst,Female,Any,"('PHIL', 'NI')",High,In person,ENTJ,Tom Reinhardt,Wednesday
294,Lisa Schulze,Female,German,"('PHIL', 'CL')",Very high,In person,ESTP,Florian Lehmann,Thursday
295,Felix Nadel,Male,Any,"('NS', 'NI')",High,Online,ENTJ,Maria Pfaff,Monday
296,Jessika Propst,Female,English,"('AI', 'CL')",High,In person,ENFP,Erik Eisenberg,Tuesday
297,Nicole Naumann,Female,English,"('AI', 'NI')",Medium,Online,ENFP,Jens Fisher,Friday
298,Lukas Fenstermacher,Male,German,"('AI', 'PHIL')",Low,In person,INFJ,Dennis Vogler,Wednesday
299,Mathias Frueh,Male,Any,"('PHIL', 'NI')",Very low,In person,ENTJ,Sabine Pfaff,Friday
300,Torsten Kuester,Male,Any,"('NI', 'CP')",Very high,In person,ENFJ,Antje Bauer,Monday
301,Sebastian Scholz,Male,Any,"('CP', 'NI')",Very high,In person,ENTJ,Johanna Hartmann,Thursday
302,Christin Bohm,Female,English,"('NI', 'PHIL')",Low,In person,ESTP,Tanja Traugott,Tuesday
303,Thomas Koch,Male,Any,"('NI', 'PHIL')",Very low,In person,ESFP,Leon Kaufmann,Thursday
304,Stephan Abt,Indeterminate,English,"('PHIL', 'CP')",Very high,In person,ISFP,Brigitte Lange,Tuesday
305,Simone Eberhardt,Female,Any,"('CL', 'PHIL')",Very low,Online,INFP,Paul Schwab,Tuesday
306,Mike Biermann,Male,Any,"('NI', 'CP')",Low,In person,ISFP,Lucas Wulf,Monday
307,Maximilian Nagel,Male,Any,"('AI', 'CL')",Very low,In person,ESFJ,Monika Durr,Tuesday
308,Lucas Ackermann,Male,Any,"('CL', 'AI')",Medium,In person,INFJ,Jörg Schuster,Wednesday
309,Jessika Abend,Female,Any,"('NI', 'AI')",High,In person,ENTJ,Janina Bayer,Thursday
310,Sandra Baumgartner,Female,Any,"('NI', 'CL')",Very low,In person,INFP,Tim Dresner,Monday
311,Martina Beckenbauer,Female,Any,"('NI', 'CL')",Very high,In person,ISFP,Mario Duerr,Tuesday
312,Sophie Scholz,Female,Any,"('NS', 'PHIL')",Very low,In person,ISTJ,Bernd Baier,Monday
313,Alexander Wirtz,Male,English,"('NI', 'AI')",Medium,In person,ENFP,Uta Ackerman,Tuesday
314,Felix Schuhmacher,Male,Any,"('AI', 'NS')",Very high,In person,ESFJ,Janina Nacht,Tuesday
315,Robert Bumgarner,Male,Any,"('AI', 'PHIL')",Very high,Online,ISTJ,Kevin Neustadt,Monday
316,Robert Meister,Male,English,"('NS', 'NI')",Medium,In person,INTP,Susanne Junker,Friday
317,Sven Adler,Male,Any,"('CL', 'AI')",Low,In person,ESFP,Philipp Fisher,Thursday
318,Michelle Dietrich,Female,Any,"('PHIL', 'CP')",High,In person,ISFJ,Jessika Berg,Thursday
319,Julia Kuester,Female,German,"('CL', 'AI')",High,In person,ESFJ,Sophie Schuster,Thursday
320,Uta Fruehauf,Female,Any,"('AI', 'NI')",High,In person,ENTP,Philipp Pfeifer,Wednesday
321,Annett Drechsler,Female,Any,"('NS', 'AI')",Low,Online,ISFP,Paul Maier,Thursday
322,Melanie Hirsch,Female,Any,"('CL', 'AI')",Medium,In person,ENFP,Marko Freud,Tuesday
323,Simone Gottlieb,Female,English,"('NI', 'CL')",High,In person,ESFP,Tim Schweizer,Friday
324,Manuela Neudorf,Indeterminate,German,"('AI', 'CL')",High,In person,INTP,Ursula Bumgarner,Wednesday
325,Anna Koertig,Female,Any,"('CP', 'NI')",High,Online,INFJ,Jana Bosch,Wednesday
326,Wolfgang Pabst,Male,Any,"('PHIL', 'AI')",Very low,In person,INFJ,Lucas Schweizer,Friday
327,Sebastian Nussbaum,Male,Any,"('NS', 'CP')",Very high,In person,ISFP,Martin Möller,Thursday
328,Daniela Gottschalk,Female,Any,"('AI', 'NI')",Very high,In person,ENTJ,Tom Beyer,Tuesday
329,Maria Zweig,Female,Any,"('NS', 'CP')",High,Online,INFJ,Klaus Fiedler,Thursday
330,Antje Dresner,Female,Any,"('CL', 'CP')",Very low,In person,ISFJ,Lisa Lange,Wednesday
331,Mike Hartmann,Male,Any,"('PHIL', 'NS')",Low,In person,ISFJ,Marina Schroeder,Monday
332,Tom Schweitzer,Male,Any,"('CL', 'NI')",Very high,In person,ESTJ,Marcel Muench,Tuesday
333,Marco Bohm,Male,English,"('NI', 'AI')",Very high,In person,ESFP,Paul Unger,Monday
334,Kristian Keller,Male,German,"('NS', 'AI')",Medium,In person,INFJ,Sabine Faber,Tuesday
335,Angelika Jager,Female,Any,"('NI', 'PHIL')",Medium,In person,ISFP,Janina Urner,Monday
336,Ralf Glockner,Male,Any,"('CP', 'AI')",Very low,In person,ESTP,Anne Kohl,Tuesday
337,Sven Kuhn,Male,Any,"('PHIL', 'CP')",High,In person,ESFJ,Gabriele Freitag,Thursday
338,Maximilian Aachen,Male,Any,"('PHIL', 'NI')",Medium,In person,ESTJ,Johanna Junker,Thursday
339,Dirk Sommer,Male,Any,"('NS', 'PHIL')",Very high,In person,ESFP,Thomas Oster,Tuesday
340,Sabrina Freud,Female,German,"('AI', 'NS')",Very low,In person,INTP,Yvonne Wannemaker,Friday
341,Stefanie Schulze,Female,English,"('AI', 'CL')",Medium,In person,INFJ,Antje Feierabend,Monday
342,Stefanie Hertzog,Female,English,"('PHIL', 'NS')",High,In person,ENTJ,Tim Kastner,Thursday
343,Sophie Drescher,Female,Any,"('NI', 'CL')",Low,In person,INTP,Tim Neudorf,Tuesday
344,Monika Oster,Female,Any,"('NI', 'CP')",High,In person,ENTP,Sebastian Wulf,Wednesday
345,Markus Fenstermacher,Male,Any,"('NS', 'CP')",High,Online,INFP,Eric Wannemaker,Monday
346,René Strauss,Male,Any,"('NS', 'PHIL')",Very high,In person,INTJ,Claudia Ziegler,Monday
347,Monika Koenig,Female,Any,"('NS', 'PHIL')",Medium,In person,INTP,Diana Holzman,Wednesday
348,Ulrich Pfeffer,Male,English,"('NS', 'PHIL')",Low,In person,ESTJ,Kristin Weiß,Monday
349,Uwe Drechsler,Indeterminate,German,"('CP', 'AI')",Very high,In person,INFJ,Ulrike Rothschild,Monday
350,Katharina Wirth,Female,Any,"('NI', 'PHIL')",High,Online,INTP,Tom Bauer,Friday
351,Sabrina Lange,Female,Any,"('PHIL', 'AI')",Low,In person,ESFP,Tanja Weissmuller,Monday
352,Karolin Grunewald,Female,German,"('NI', 'NS')",High,Online,ESFP,Andrea Wolf,Friday
353,Kristian Saenger,Male,Any,"('NI', 'PHIL')",Low,In person,INTP,Tim Ebersbach,Thursday
354,Dominik Wexler,Female,Any,"('CL', 'AI')",Very high,In person,INTJ,Jürgen Schaefer,Monday
355,Claudia Reiniger,Female,Any,"('NI', 'CL')",Very low,In person,ISTJ,Sophia Bohm,Tuesday
356,Eric Amsel,Male,Any,"('AI', 'CL')",Very high,In person,INFP,Kristian Kuefer,Tuesday
357,Michael Kohler,Male,Any,"('AI', 'PHIL')",Very low,In person,ISFJ,Eric Faber,Thursday
358,Mathias Schmitz,Male,Any,"('CL', 'CP')",Very high,In person,ISTJ,Julia Wexler,Friday
359,Kevin Probst,Male,Any,"('NS', 'PHIL')",Low,Online,ISFJ,Christin Neumann,Friday
360,Jonas Frei,Male,Any,"('CL', 'PHIL')",Low,Online,ENFP,Angelika Neustadt,Tuesday
361,Steffen Fuchs,Male,Any,"('CP', 'PHIL')",Very high,In person,ESFJ,Susanne Beckenbauer,Wednesday
362,Tom Vogler,Male,Any,"('AI', 'PHIL')",Very high,In person,ESFP,Lukas Beyer,Wednesday
363,Claudia Klein,Female,Any,"('CL', 'NS')",Very low,In person,INTP,Frank Naumann,Tuesday
364,Stefan Reinhard,Male,Any,"('PHIL', 'AI')",Low,In person,ENTJ,Jörg Frueh,Friday
365,Sabine Herman,Female,Any,"('CP', 'PHIL')",Very low,In person,ESFP,Vanessa Lehrer,Wednesday
366,Bernd Eggers,Male,Any,"('AI', 'PHIL')",Very low,In person,ISTJ,Markus Eisenhauer,Wednesday
367,Jörg Fisher,Male,English,"('PHIL', 'CP')",Very low,In person,ISTJ,Jürgen Eberhart,Tuesday
368,Anja Papst,Female,Any,"('CL', 'CP')",Medium,In person,INFJ,Ursula Koertig,Wednesday
369,Philipp Mauer,Male,Any,"('NI', 'CP')",Medium,In person,ENFJ,Johanna Friedmann,Monday
370,Sophia Weisz,Female,Any,"('AI', 'PHIL')",Very low,Online,INTP,Jonas Herrmann,Thursday
371,Lukas Foerster,Male,Any,"('PHIL', 'AI')",Low,In person,INFP,Maik Sankt,Thursday
372,Angelika Jung,Female,Any,"('AI', 'NI')",Medium,In person,ENFJ,Marco Hoover,Friday
373,Dennis Peters,Male,Any,"('AI', 'CL')",Low,In person,INFJ,Daniela Eggers,Friday
374,Nadine Friedman,Female,German,"('CP', 'NS')",Very high,In person,INFP,Annett Schuster,Monday
375,Andrea Schultz,Female,Any,"('NI', 'NS')",Very low,Online,ESFJ,Daniel Abendroth,Monday
376,Stephan Holzman,Male,English,"('AI', 'CL')",Very high,In person,INFP,Dennis Schweitzer,Monday
377,Marco Frankfurter,Male,Any,"('AI', 'CP')",Low,Online,ISTP,Andreas Eberhart,Wednesday
378,Eric Kohl,Male,Any,"('AI', 'NI')",Low,In person,INTP,Lena Wirth,Wednesday
379,Michael Bieber,Male,Any,"('CP', 'CL')",Low,In person,ISTP,Tanja Brauer,Monday
380,Thorsten Winkel,Indeterminate,German,"('AI', 'NS')",Very low,Online,ENFJ,Stefanie Schwab,Monday
381,Kerstin Wulf,Female,Any,"('AI', 'CP')",High,In person,ESFP,Marina Goldschmidt,Monday
382,Jan Gersten,Male,Any,"('CP', 'NI')",Medium,Online,ESFJ,Mike Wannemaker,Monday
383,Christine Wirth,Female,Any,"('CP', 'AI')",Medium,In person,ISFP,Katrin Wulf,Monday
384,Ines Ebersbacher,Female,Any,"('CP', 'PHIL')",Very high,In person,ESFJ,Paul Schwarz,Tuesday
385,Benjamin Trommler,Male,Any,"('NS', 'NI')",Very low,In person,ESTJ,Andreas Kuhn,Monday
386,Frank Freud,Male,Any,"('NS', 'AI')",Medium,In person,ESFJ,Angelika Berg,Tuesday
387,Stefan Pabst,Male,Any,"('CP', 'NS')",Very low,Online,ENTJ,Andrea Wurfel,Tuesday
388,Karin Baum,Indeterminate,English,"('CL', 'PHIL')",Very high,Online,ISFJ,Sophia Kuhn,Friday
389,Maximilian Oster,Male,Any,"('AI', 'CL')",Medium,In person,ENTP,Thorsten Reiniger,Thursday
390,Mario Schreiner,Male,Any,"('PHIL', 'CL')",Very high,In person,ESFJ,Manuela Waechter,Monday
391,Jörg Koehler,Male,Any,"('PHIL', 'NI')",Low,Online,INFJ,Anja Konig,Thursday
392,Heike Schwartz,Indeterminate,Any,"('NS', 'AI')",Medium,In person,ISFJ,Martina Hirsch,Tuesday
393,Kristian Aachen,Male,Any,"('PHIL', 'CL')",High,In person,INFJ,Dennis Austerlitz,Tuesday
394,Sara Schwarz,Female,Any,"('NI', 'PHIL')",Very high,In person,ESTJ,Dieter Dresner,Thursday
395,Lisa Maur,Female,Any,"('NI', 'NS')",High,In person,ESFP,Mathias Bumgarner,Thursday
396,Johanna Pfaff,Female,Any,"('CL', 'NI')",Medium,In person,ESTJ,Steffen Furst,Friday
397,Stefanie Beckenbauer,Female,Any,"('NI', 'PHIL')",Low,Online,ESTJ,Kathrin Schmidt,Friday
398,Patrick Lehrer,Male,Any,"('NI', 'NS')",High,In person,INFJ,David Ritter,Tuesday
399,Frank Theiss,Male,Any,"('NI', 'AI')",High,In person,ESTP,Susanne Kaestner,Friday
400,Gabriele Braun,Female,Any,"('NS', 'CP')",Low,In person,INTP,Jürgen Koertig,Friday
401,Michael Theissen,Male,Any,"('NS', 'CL')",Low,In person,ENTP,Kristian Moench,Monday
402,Marina Peters,Female,English,"('PHIL', 'AI')",Low,In person,ISTP,Brigitte Eisenberg,Wednesday
403,Sabrina Fink,Female,Any,"('CP', 'CL')",Low,In person,ESTJ,Manuela Baer,Friday
404,Thomas Austerlitz,Male,Any,"('CP', 'CL')",High,In person,INFP,Martina Vogt,Tuesday
405,Anja Neustadt,Female,Any,"('CP', 'CL')",Medium,In person,INFJ,Sophia Baier,Thursday
406,Annett Theissen,Female,Any,"('CL', 'PHIL')",Very low,In person,ISFP,Martin Wannemaker,Friday
407,Mathias Klug,Male,Any,"('NI', 'AI')",Low,In person,ENTJ,Johanna Schreiber,Thursday
408,Jan Himmel,Male,Any,"('NI', 'CL')",Low,Online,ESFP,Jonas Dresdner,Friday
409,Sabine Müller,Female,Any,"('AI', 'CL')",Very high,In person,ENTJ,Jessika Burger,Monday
410,Benjamin Ebersbacher,Male,Any,"('CL', 'AI')",High,In person,INTJ,Dieter Durr,Thursday
411,Ursula Hofmann,Female,Any,"('CP', 'CL')",Very high,In person,ESFJ,Ursula Hirsch,Friday
412,Juliane Weiss,Female,Any,"('NI', 'PHIL')",Medium,In person,INFP,Sophia Pfeifer,Tuesday
413,Tim Strauss,Male,Any,"('CP', 'CL')",Very high,Online,ESTP,Christin Eichel,Tuesday
414,Jana Weisz,Female,Any,"('PHIL', 'NI')",Low,In person,INTJ,Monika Schneider,Friday
415,Heike Seiler,Female,Any,"('CP', 'PHIL')",Low,In person,INFJ,Tanja Neumann,Thursday
416,Brigitte Mueller,Female,Any,"('CL', 'NS')",Medium,In person,ESTP,Sarah Faber,Friday
417,Patrick Jung,Male,Any,"('PHIL', 'NI')",Very low,In person,INTJ,Niklas Ziegler,Thursday
418,Jonas Werfel,Male,Any,"('CL', 'NI')",Low,In person,ENFP,Lukas Abendroth,Monday
419,Ulrich Barth,Male,Any,"('CP', 'PHIL')",Low,In person,ESTJ,Jonas Frey,Thursday
420,Ulrike Lehmann,Female,Any,"('AI', 'NS')",High,In person,ENTP,Jessica Baumgartner,Tuesday
421,Lisa Gerste,Female,English,"('PHIL', 'CP')",Very low,In person,INTJ,Monika Kirsch,Wednesday
422,Laura Herman,Female,Any,"('CP', 'CL')",Low,In person,INFJ,Leon Bürger,Wednesday
423,Gabriele Herz,Female,Any,"('PHIL', 'NS')",Very low,In person,ENFJ,Sophia Kaestner,Monday
424,Markus Kalb,Indeterminate,Any,"('CL', 'CP')",High,Online,INTJ,Uta Lemann,Thursday
425,Ursula Klug,Female,Any,"('NI', 'CL')",Very low,In person,ENFP,Daniel Strauss,Monday
426,Robert Abend,Male,Any,"('NS', 'NI')",Very low,Online,ESFJ,Sabrina Kaestner,Monday
427,Dirk Nussbaum,Male,Any,"('AI', 'CP')",Very low,In person,ENFJ,Jessika Glockner,Thursday
428,Marko Maur,Male,Any,"('NI', 'PHIL')",Medium,Online,ISFJ,Sarah Winkel,Thursday
429,Tom Bar,Male,Any,"('NI', 'NS')",Very high,In person,INTJ,Klaudia Schreiber,Monday
430,Anne Moench,Female,Any,"('CP', 'CL')",Medium,In person,ISTJ,Ines Papst,Friday
431,Tobias Klug,Male,Any,"('CL', 'AI')",Very low,In person,ENTJ,Katrin Trommler,Monday
432,Daniel Grunwald,Male,Any,"('PHIL', 'NI')",High,In person,ESFJ,Kerstin Jung,Thursday
433,Kristin Brauer,Female,English,"('NI', 'CP')",Very high,In person,INTJ,Tim Reinhard,Tuesday
434,Ute Herzog,Female,Any,"('CP', 'NS')",Medium,Online,ISFP,Klaus Grunewald,Wednesday
435,Dennis Cole,Male,Any,"('PHIL', 'NS')",High,In person,INFJ,Katharina Pfaff,Tuesday
436,Martin Bosch,Male,German,"('AI', 'CL')",Low,In person,ESFJ,Christian Hoffmann,Thursday
437,Leon Hoffmann,Male,Any,"('CL', 'PHIL')",Very low,In person,ISTP,Peter Holzman,Wednesday
438,Laura Winkel,Female,Any,"('CP', 'PHIL')",Medium,In person,ISFP,Jennifer König,Monday
439,Anna Austerlitz,Female,Any,"('PHIL', 'AI')",Medium,In person,ENTJ,Mario Bosch,Monday
440,Dennis Baecker,Male,Any,"('CL', 'AI')",Very low,In person,ESFP,Kerstin Maurer,Tuesday
441,Marina Freytag,Female,Any,"('NS', 'CL')",Medium,In person,INFJ,Tim Achen,Friday
442,Sabine Gruenewald,Female,Any,"('PHIL', 'CL')",Medium,In person,ENFJ,Nicole Kappel,Monday
443,Karin Amsel,Female,Any,"('NS', 'AI')",Very low,In person,ESTJ,Anke Vogt,Wednesday
444,Steffen Schwab,Male,Any,"('CP', 'NI')",High,In person,ESTP,Marko Kuefer,Tuesday
445,Jana Zimmer,Female,Any,"('CL', 'PHIL')",Low,Online,ISTJ,Manuela Vogler,Monday
446,Kerstin Schneider,Female,German,"('AI', 'CL')",Very low,In person,ENTP,Marco Lang,Tuesday
447,Klaudia Weissmuller,Female,German,"('NI', 'CP')",Very low,In person,ENFJ,Sabrina Gerber,Wednesday
448,Ulrich Müller,Male,Any,"('PHIL', 'NI')",High,In person,ISFP,Sarah Zimmerman,Tuesday
449,Marina Freud,Female,Any,"('AI', 'NI')",Very low,In person,ESFJ,Dieter Bauer,Monday
450,Maximilian Gärtner,Male,Any,"('NS', 'CP')",Low,In person,ISTP,Simone Boehm,Monday
451,Mathias Beyer,Male,Any,"('CL', 'AI')",High,Online,ESTP,Ines Herman,Wednesday
452,Tom Kappel,Male,Any,"('AI', 'NS')",High,Online,INTJ,Katharina Osterhagen,Wednesday
453,Benjamin Fassbinder,Male,English,"('NI', 'NS')",Low,Online,ESFJ,Monika Biermann,Thursday
454,Melanie Glockner,Female,Any,"('CL', 'AI')",High,In person,ENFP,Phillipp Neustadt,Tuesday
455,Anne Eichel,Female,German,"('NS', 'NI')",High,In person,INTP,Peter Baumgartner,Wednesday
456,Sebastian Braun,Male,Any,"('CP', 'PHIL')",High,In person,ESTP,Tanja Faerber,Tuesday
457,Michelle Konig,Female,Any,"('CL', 'NS')",Very high,In person,ESTJ,Jana Pfeifer,Wednesday
458,Kathrin Fenstermacher,Female,Any,"('PHIL', 'NI')",Low,In person,ENTP,Stefan Schaefer,Friday
459,Ralph Nacht,Male,Any,"('CP', 'PHIL')",Low,In person,ESFJ,Marko Hartmann,Thursday
460,Melanie Nagel,Female,Any,"('AI', 'NI')",Very high,In person,ENTJ,Marcel Waechter,Wednesday
461,Kristin Frey,Female,Any,"('CL', 'NI')",Very low,In person,INFP,Thorsten Baier,Wednesday
462,Wolfgang Baumgartner,Male,Any,"('PHIL', 'CP')",Very high,In person,ENTP,Leon Schroder,Monday
463,Julia Winkel,Female,Any,"('CP', 'CL')",Very high,In person,INTJ,Andreas Aachen,Thursday
464,Johanna Bumgarner,Female,Any,"('NI', 'PHIL')",Medium,In person,INFP,Laura Muller,Friday
465,Sophia Strauss,Female,Any,"('PHIL', 'CL')",Low,In person,INTJ,Katrin Amsel,Friday
466,Michael Faerber,Male,Any,"('NS', 'CP')",Very high,Online,INTP,Simone Schreiner,Monday
467,Markus Kortig,Male,Any,"('NS', 'NI')",Low,In person,ISTJ,Mandy Schiffer,Friday
468,René Kuhn,Male,Any,"('CL', 'NS')",High,In person,INFP,Thomas Eichel,Wednesday
469,Christin Maier,Female,German,"('NI', 'PHIL')",Very high,In person,INFJ,Swen Fried,Tuesday
470,Mario Decker,Male,Any,"('PHIL', 'CL')",Very low,In person,ENTP,Kathrin Hahn,Wednesday
471,Uta Muench,Indeterminate,Any,"('NS', 'CL')",Low,In person,ISFJ,Sandra Hueber,Tuesday
472,Wolfgang Mehler,Male,Any,"('NI', 'NS')",Low,In person,ENFJ,Steffen Neudorf,Wednesday
473,Janina Theissen,Indeterminate,Any,"('AI', 'PHIL')",Very low,In person,ENTP,Ralph Schmid,Wednesday
474,Dieter Kastner,Male,Any,"('PHIL', 'CL')",Very high,In person,ESTP,Martina Vogel,Friday
475,Markus Wulf,Male,German,"('NS', 'AI')",High,Online,INTJ,Mathias Friedman,Tuesday
476,Nicole Grunwald,Female,English,"('AI', 'NS')",Medium,Online,INFJ,Manuela Keller,Friday
477,Uwe Schultz,Male,English,"('PHIL', 'CP')",Medium,Online,ISFP,Leon Gottschalk,Tuesday
478,Klaus Diederich,Male,Any,"('NS', 'CL')",Very low,In person,ESFP,Benjamin Meister,Wednesday
479,Claudia Baum,Female,Any,"('PHIL', 'NI')",High,Online,ESFJ,Manuela Bachmeier,Tuesday
480,Petra Schwab,Female,Any,"('CP', 'AI')",Medium,In person,ESTP,Ralf Brauer,Tuesday
481,Dirk Schreiber,Male,Any,"('NI', 'AI')",High,In person,ENFP,Stefanie Schmid,Friday
482,Andreas Rothschild,Indeterminate,German,"('PHIL', 'CP')",Very low,In person,ISTJ,Julia Zimmerman,Thursday
483,Jan Fenstermacher,Male,German,"('NI', 'CP')",Very low,In person,ESTJ,Sven Ritter,Monday
484,Maik Kortig,Male,Any,"('NS', 'CL')",Medium,In person,ESTP,Karin Ziegler,Monday
485,Kristian Richter,Male,Any,"('CL', 'NS')",High,In person,ESTJ,Christine Pfeffer,Friday
486,Stefanie Aachen,Female,German,"('CP', 'NS')",Very low,In person,ISFJ,Steffen Friedmann,Wednesday
487,Jessica Becker,Female,Any,"('AI', 'PHIL')",Medium,Online,ISFP,Peter Bauer,Monday
488,Dirk Zweig,Indeterminate,Any,"('CP', 'NI')",High,Online,ESFJ,Max Wulf,Thursday
489,Benjamin Schmitz,Male,Any,"('NI', 'CP')",Very high,In person,INTJ,Sabine Reinhardt,Monday
490,Jürgen Schultz,Male,Any,"('PHIL', 'CL')",Very high,In person,INTP,Petra Blau,Monday
491,Stephan Sanger,Male,English,"('PHIL', 'AI')",Low,Online,INFJ,Susanne Gruenewald,Friday
492,Sophie Müller,Female,Any,"('NS', 'NI')",Very low,Online,ESTP,Jennifer Seiler,Friday
493,Leon Saenger,Male,English,"('NI', 'PHIL')",Very high,In person,ESTJ,Marco Faerber,Thursday
494,Anja Winkel,Female,Any,"('CL', 'NS')",Very high,In person,INFP,Franziska Schiffer,Friday
495,Frank Schroder,Indeterminate,Any,"('NS', 'CP')",Medium,In person,ESTP,Lucas Kortig,Thursday
496,Diana Neumann,Female,Any,"('NI', 'AI')",Very low,In person,ENTP,Sara Fuchs,Wednesday
497,Tim Kuhn,Male,Any,"('NI', 'CP')",Medium,In person,ESFJ,Stefanie Farber,Thursday
498,Maria Friedman,Female,Any,"('AI', 'CL')",Medium,In person,ESTJ,Claudia Abendroth,Monday
499,Christian Wechsler,Male,Any,"('NI', 'NS')",Very low,In person,ISTP,Wolfgang Reiniger,Monday
500,Sven Werner,Male,English,"('CP', 'PHIL')",Very low,In person,INFP,Ralph Koertig,Tuesday
